id;name;api_key;api_secret;enable
1;路 Open-source maximized;Games Sausages;back-end 中心 Loan;false
2;methodology Tactics Quality;fault-tolerant Object-based;asynchronous withdrawal;true
3;content-based;Cambridgeshire holistic;markets TCP;false
4;Team-oriented;Liaison;sexy;true
5;中心;initiative;Computer bandwidth-monitored gold;true
6;expedite array;generating value-added Compatible;maroon RAM program;false
7;湖北省 bluetooth;Fantastic Implementation;hacking plum supply-chains;true
8;Tajikistan;中心 Sports Consultant;Product markets 旁;false
9;Frozen;Grocery payment Account;Books American Avon;false
10;Buckinghamshire Frozen;Account Rubber Netherlands;澳门 上海市 Garden;true
