id;agree;finish;authority;created_by_me;variables;update_time
1;false;XML Steel Group;black;Concrete bypassing THX;explicit solutions;2021-08-06T04:46:19
2;true;Market;Namibia;digital;Steel 旁 compress;2021-08-05T14:59:28
3;true;deposit Bacon Auto;benchmark Licensed;card;hub Rubber Islands;2021-08-05T06:00:46
4;false;Bike Rubber;Wooden Euro;circuit Wooden;Borders 巷 Tuna;2021-08-05T08:32:25
5;true;override;Handcrafted 街 浙江省;e-business Buckinghamshire indigo;integrate Soft;2021-08-05T11:14:35
6;true;mint composite;virtual;Account implement Shirt;generating Avon;2021-08-05T13:19:32
7;true;granular bus Home;巷 Sausages Mobility;hub Jewelery Fresh;Personal;2021-08-05T19:13:07
8;false;capacity;Executive magenta;Salvador Incredible;Africa;2021-08-05T05:57:02
9;true;福建省 Directives;路 Mobility program;Designer Optimized;Metal back-end Moldova;2021-08-05T15:35:21
10;true;Rustic cyan;Buckinghamshire Jewelery;Cheese Soft;deliverables Officer Cotton;2021-08-05T08:11:38
